name,program,email,legacy,teamlead,title,city,state,conservation_planning,conservation_delivery,regulatory_policy,admin,technical_species_habitats,relationships,research
Daniel Adams,SAMB,daniel_adams@fws.gov,SA,N,Cartographer,Cookeville,TN,2,1,1,0,3,2,2
Yvonne Allen,SAMB,yvonne_allen@fws.gov,SA,N,Spatial Ecologist,Baton Rouge,LA,2,0,0,0,3,2,3
Jose Barrios,SAMB,jose_barrios@fws.gov,SA,N,Fish and Wildlife Biologist,Atlanta,GA,2,1,1,0,3,1,2
Bill Bartush,SAMB,bbartush@abcbirds.org,MB,,Partnership Coordinator,Tyler,TX,,,,,,,
Laura Brandt,SAMB,laura_brandt@fws.gov,SA,N,Regional Scientist,Davie,FL,1,1,0,0,3,2,3
Steve Brock,SAMB,steve_c_brock@fws.gov,MB,N,MAV Partnership Coordinator,Brandon,MS,2,3,1,2,2,3,1
Stephanie Bruner,SAMB,stephanie_bruner@fws.gov,SA,N,Program Registration,Atlanta,GA,0,0,0,3,0,3,1
Wylie Carr,SAMB,wylie_carr@fws.gov,SA,N,Regional Social Scientist,Atlanta,GA,0,0,0,0,0,3,3
Resee Collins,SAMB,resee_collins@fws.gov,MB,N,Eagle and Rehabilitation Permit Coordinator,DeLand,FL,0,0,2,2,1,3,1
Dean Demarest,SAMB,dean_demarest@fws.gov,MB,Y,"Deputy,ÊMigratory Birds",Atlanta,GA,2,2,2,2,2,2,2
Christopher DeVore,SAMB,Christopher_DeVore@fws.gov,SA,N,Wildlife Biologist,Cookeville,TN,2,1,1,2,3,2,1
Blaine Elliott,SAMB,blaine_elliott@fws.gov,MB,N,GIS Applications Biologist,Madison,MS,3,1,1,1,2,2,2
Roy Freeman,SAMB,roy_freeman@fws.gov,SA,N,Administrative Support,Atlanta,GA,0,0,0,3,0,0,0
Karen Frizzell,SAMB,karen_frizzell@fws.gov,MB,N,Administrative Support Assistant,Auburn,AL,1,1,2,3,1,2,1
Cindy Fury,SAMB,cindy_fury@fws.gov,MB,Y,Leader FL/ Caribbean MB Office,Midway,FL,2,2,1,2,1,3,1
Miguel Garcia-Bermudez,SAMB,miguel_garcia-bermudez@fws.gov,SA,Y,Fish and Wildlife Administrator,San Juan,PR,0,1,1,1,3,3,3
Jeffrey Gleason,SAMB,jeffrey_gleason@fws.gov,MB,N,Gulf of Mexico Migratory Bird Coordinator,Chiefland,FL,1.5,1.5,2.5,1,2,3,3
Emily Granstaff,SAMB,emily_granstaff@fws.gov,SA,N,Conservation Adaptation Specialist,Cookeville,TN,2,3,1,0,1,3,1
Rob Holbrook,SAMB,rob_holbrook@fws.gov,MB,N,EGCPJV Assistant Joint Venture Coordinator,Fairhope,AL,2,2,1,1,2,3,2
Red Todd,SAMB,todd_hopkins@fws.gov,SA,N,Coastal Resilience Coordiantor,Vero Beach,FL,2,1.5,2.5,2,2,3,3
Dawn James,SAMB,dawn_james@fws.gov,MB,N,"Assistant, Budget & Administration",Yazoo City,MS,0,0,2,3,0,2,0
Buddy Jones,SAMB,buddy_jones@fws.gov,MB,Y,Chief Budget and Administration,Winterville,NC,0,0,2,3,0,2,2
Green Todd,SAMB,david_jones-farrand@fws.gov,SA,Y,Science Coordinator,Columbia,MO,3,2,1,1,2,2,2
Amy Keister,SAMB,amy_keister@fws.gov,SA,N,GIS Coordinator,Raleigh,NC,3,2,1,1,1,2,2
Ulgonda Kirkpatrick,SAMB,ulgonda_kirkpatrick@fws.gov,MB,N,Eagle Biologist,Altamonte Springs,FL,1,1,3,2,3,2,2
Rachel Kirpes,SAMB,rachel_kirpes@fws.gov,SA,N,NAS Science Policy Fellow,Lafayette,LA,1,1,0,0,1,2,2
Mallory Martin,SAMB,mallory_martin@fws.gov,SA,Y,Coordinator,Raleigh,NC,1,1,2,3,2,3,1
Linda McHan,SAMB,linda_mchan@fws.gov,MB,N,Office Administrator,Vicksburg,MS,0,0,1,3,0,1,0
Keith McKnight,SAMB,steven_mcknight@fws.gov,MB,Y,LMVJV Coordinator,Tyler,TX,2,2,0,3,1,3,2
Anne Mini,SAMB,amini@abcbirds.org,MB,N,Science Coordinator,Ridgeland,MS,,,,,,,
Rua Mordecai,SAMB,rua_mordecai@fws.gov,SA,Y,Science Coordinator,Raleigh,NC,3,2,1,1,1,3,2
Hilary Morris,SAMB,hilary_morris@fws.gov,SA,N,User Support Specialist,Raleigh,NC,2,3,1,1,1,3,1
Brent Murry,SAMB,brent_murry@fws.gov,SA,N,Science Coordinator,San Juan,PR,3,2,1,2,3,3,3
Michelle Outlaw,SAMB,michelle_outlaw@fws.gov,MB,N,Legal Intruments Examiner,Atlanta,GA,0,0,2,0,0,3,0
Catherine Rideout,SAMB,catherine_rideout@fws.gov,MB,Y,Coordinator for EGCPJV,Atlanta,GA,2,2,1,2,1,3,2
Carmen Simonton,SAMB,carmen_simonton@fws.gov,MB,Y,"Chief, Mig Bird and Eagle Permit Office",Atlanta,GA,0,0,3,2,2,2,1
John Stanton,SAMB,john_stanton@fws.gov,MB,Y,Project Leader,Columbia,NC,2,2,2,2,3,2,2
Beth Stys,SAMB,beth.stys@myfwc.com,SA,N,Science Coordinator,Monticello,FL,,,,,,,
John Tirpak,SAMB,John_Tirpak@fws.gov,SA,Y,Science Coordinator,Lafayette,LA,2,2,2,2,2,3,3
Bill Uihlein,SAMB,bill_uihlein@fws.gov,SA,Y,ARD,Atlanta,GA,3,3,0,3,3,3,3
Louise Vaughn,SAMB,louise_vaughn@fws.gov,SA,N,User Support Specialist,Raleigh,NC,2,3,0,0,1,2,2
Cathy Watkins,SAMB,cathy_watkins@fws.gov,MB,N,Administrative Support Assistant,DeWitt,AR,1,1,2,3,1,2,0
Randy Wilson,SAMB,randy_wilson@fws.gov,MB,Y,Station Leader,Yazoo City,MS,2,2,2,2,2,2,2
Blair Tirpak,SAMB,btirpak@usgs.gov,SA,,Geographer,Lafayette,LA,,,,,,,
Tom Edwards,SAMB,tom_edwards@fws.gov,MB,,Science Coordinator,Tallulah,LA,,,,,,,